{"cameraMode":{"drawMode":0,"name":"Shaded","section":"Shading Mode"},"sceneLighting":false,"audioPlay":false,"sceneViewState":{"m_AlwaysRefresh":false,"showFog":true,"showSkybox":false,"showFlares":true,"showImageEffects":true,"showParticleSystems":true,"showVisualEffectGraphs":true,"m_FxEnabled":false},"in2DMode":false,"pivot":{"x":45.90324401855469,"y":2.3847804069519045,"z":-1.0409952402114869},"rotation":{"x":-0.29103511571884158,"y":0.05506591126322746,"z":-0.016777710989117624,"w":-0.9549896717071533},"size":0.8660253882408142,"orthographic":false}